{"cameraMode":{"drawMode":0,"name":"Shaded","section":"Shading Mode"},"sceneLighting":false,"audioPlay":false,"sceneViewState":{"showFog":false,"showMaterialUpdate":false,"showSkybox":false,"showFlares":false,"showImageEffects":false,"showParticleSystems":false},"in2DMode":false,"pivot":{"x":-0.005313873291015625,"y":0.49469584226608279,"z":-0.11150777339935303},"rotation":{"x":-0.033070776611566547,"y":-0.6772118806838989,"z":-0.030495421960949899,"w":0.7344135046005249},"size":1.749971866607666,"orthographic":false}