{"cameraMode":{"drawMode":0,"name":"Shaded","section":"Shading Mode"},"sceneLighting":true,"audioPlay":false,"sceneViewState":{"showFog":false,"showMaterialUpdate":false,"showSkybox":false,"showFlares":false,"showImageEffects":false,"showParticleSystems":false},"in2DMode":false,"pivot":{"x":0.154998779296875,"y":28.150205612182618,"z":-126.79962158203125},"rotation":{"x":0.008184240199625492,"y":0.41593682765960696,"z":0.003743587527424097,"w":-0.9093506932258606},"size":56.02003479003906,"orthographic":false}