{"cameraMode":{"drawMode":0,"name":"Shaded","section":"Shading Mode"},"sceneLighting":true,"audioPlay":false,"sceneViewState":{"showFog":false,"showMaterialUpdate":false,"showSkybox":false,"showFlares":false,"showImageEffects":false,"showParticleSystems":false},"in2DMode":false,"pivot":{"x":70.56558227539063,"y":10.488264083862305,"z":38.2905387878418},"rotation":{"x":0.0416465625166893,"y":-0.8916540145874023,"z":0.08383731544017792,"w":0.4429346024990082},"size":9.654523849487305,"orthographic":false}