{"cameraMode":{"drawMode":0,"name":"Shaded","section":"Shading Mode"},"sceneLighting":true,"audioPlay":false,"sceneViewState":{"showFog":true,"showMaterialUpdate":false,"showSkybox":true,"showFlares":true,"showImageEffects":true,"showParticleSystems":true,"showVisualEffectGraphs":true,"m_FxEnabled":true},"in2DMode":false,"pivot":{"x":-1.8773813247680665,"y":3.664137125015259,"z":23.125864028930665},"rotation":{"x":0.14141616225242616,"y":-0.010394948534667492,"z":0.0014874131884425879,"w":0.9899067282676697},"size":27.41351890563965,"orthographic":false}